index,filename,bar_px,scale_nm,pixel_size_nm,status
1,00655d9628.png,71,200.0,2.8169,ok
2,0113230c21.png,306,,,no_scale
3,0144266d21.png,151,,,no_scale
4,01ac659240.png,70,10.0,0.14286,ok
5,027f25010a.png,44,100.0,2.27273,ok
6,0289bd97e6.png,102,200.0,1.96078,ok
7,032bd4a6b1.png,136,200.0,1.47059,ok
8,0384c4e782.png,59,20.0,0.33898,ok
9,03a1d18cc6.png,57,10.0,0.17544,ok
10,03cd0b2741.png,87,100.0,1.14943,ok_manual_px
11,04dbda93f9.png,67,100.0,1.49254,ok
12,065d8e352c.png,95,200.0,2.10526,ok_manual_px
13,06f605c0b1.png,61,,,no_scale
14,07330c8ea1.png,230,,,no_scale
15,08549eb98f.png,85,50.0,0.58824,ok_manual_px
16,0a30487a4e.png,68,,,no_scale
17,0a55e7c93f.png,23,,,no_scale
18,0ca41ed5b8.png,103,,,no_scale
19,0e41d62d5d.png,46,20.0,0.43478,ok
20,0fa38de2c7.png,,,,no_scale
21,10d85f70bd.png,97,25.0,0.25773,ok
22,1206963ed7.png,114,1000.0,8.77193,ok
23,132788669c.png,65,20.0,0.30769,ok
24,15a3ba1c51.png,176,1000.0,5.68182,ok
25,1700be1235.png,82,200.0,2.43902,ok
26,1736c60650.png,266,2000.0,7.5188,ok
27,173c98ef82.png,18,,,no_scale
28,17f1cecc7a.png,155,100.0,0.64516,ok
29,19b0afdf81.png,221,50.0,0.22624,ok
30,1a29c5b84f.png,186,200.0,1.07527,ok
31,1b3c6536a3.png,65,10000.0,153.84615,ok_manual_px
32,1b935635dd.png,244,3000.0,12.29508,ok
33,1bed563906.png,63,100.0,1.5873,ok
34,1bf56ce626.png,127,100.0,0.7874,ok_manual_px
35,1cb46bfdd5.png,184,,,no_scale
36,1d67fb3321.png,92,1000.0,10.86957,ok
37,1e011bd992.png,,,,no_scale
38,1e0f5d817e.png,139,100.0,0.71942,ok
39,1ecd5c901c.png,62,50.0,0.80645,ok_manual_px
40,1ff313314c.png,,,,no_scale
41,207bb15702.png,182,2000.0,10.98901,ok_manual_px
42,208b16bbb7.png,,,,no_scale
43,21308b3614.png,49,100.0,2.04082,ok_manual_px
44,2181ebb330.png,141,500.0,3.5461,ok_manual_px
45,2242820128.png,73,1000.0,13.69863,ok
46,226dc58f03.png,284,,,no_scale
47,22c776b059.png,142,500.0,3.52113,ok_manual_px
48,22d5aab090.png,77,100.0,1.2987,ok
49,2387be5eaf.png,15,1000.0,66.66667,ok_manual_px
50,23d581d8a9.png,73,,,no_scale
51,245e1a4826.png,99,1000.0,10.10101,ok_manual_px
52,2556313831.png,65,100.0,1.53846,ok
53,257e44104b.png,90,50.0,0.55556,ok_manual_px
54,25af264996.png,123,200.0,1.62602,ok_manual_px
55,26e5f24689.png,120,200.0,1.66667,ok
56,2807b90ea9.png,149,100.0,0.67114,ok_manual_px
57,2897b777fe.png,85,1000.0,11.76471,ok_manual_px
58,28d7e31165.png,81,,,no_scale
59,291898b7c6.png,93,10.0,0.10753,ok
60,294049f7a8.png,230,200.0,0.86957,ok_manual_px
61,296a52bf09.png,,,,no_scale
62,2b9ccd5679.png,96,200.0,2.08333,ok
63,2bc87a8698.png,102,1000.0,9.80392,ok_manual_px
64,2bf4aa0195.png,,,,no_scale
65,2c6c108b4d.png,70,50.0,0.71429,ok
66,2cd773d930.png,45,50.0,1.11111,ok
67,2d1a6c5ce4.png,149,100.0,0.67114,ok_manual_px
68,2d6f268052.png,102,200.0,1.96078,ok
69,2daa27a6df.png,,,,no_scale
70,2dadb1ced1.png,130,100.0,0.76923,ok_manual_px
71,2e4a3ab627.png,161,1000.0,6.21118,ok_manual_px
72,2e5dab1969.png,88,200.0,2.27273,ok
73,2ee0518d7a.png,,,,no_scale
74,2fb8fe344c.png,161,200.0,1.24224,ok
75,3027f9ffe7.png,117,10000.0,85.47009,ok
76,30da4fa249.png,49,100.0,2.04082,ok_manual_px
77,31121ca5cf.png,64,100.0,1.5625,ok
78,31a727b95d.png,,,,no_scale
79,31f17306c8.png,249,200.0,0.80321,ok_manual_px
80,33f8a59619.png,34,20.0,0.58824,ok
81,3430b20071.png,80,100.0,1.25,ok
82,345fb7ab68.png,132,10000.0,75.75758,ok_manual_px
83,34864e691e.png,60,200.0,3.33333,ok
84,34f4fb273d.png,122,1000.0,8.19672,ok
85,3537f150cd.png,55,100.0,1.81818,ok_manual_px
86,3692286ecf.png,120,20.0,0.16667,ok
87,36de69b2c0.png,119,100.0,0.84034,ok
88,37ce835fb2.png,53,2000.0,37.73585,ok_manual_px
89,391ef00939.png,69,100.0,1.44928,ok_manual_px
90,398ae34c19.png,174,1000.0,5.74713,ok
91,39b0dc1f52.png,60,10000.0,166.66667,ok_manual_px
92,39b3a6db5e.png,30,1800.0,60.0,ok
93,39dda96b25.png,138,200.0,1.44928,ok_manual_px
94,39e18a8f4c.png,59,1000.0,16.94915,ok_manual_px
95,3a0a2f5edf.png,,,,no_scale
96,3a8af6d3f4.png,86,50.0,0.5814,ok
97,3a9246e0ee.png,347,,,no_scale
98,3ac1920a79.png,,,,no_scale
99,3b18ef9b73.png,,,,no_scale
100,3bbd05202e.png,78,50.0,0.64103,ok
101,3d103080e6.png,83,200000.0,2409.63855,ok
102,3d1937b05c.png,64,1000.0,15.625,ok_manual_px
103,3f97a9e821.png,106,50.0,0.4717,ok
104,404b0836f1.png,69,100.0,1.44928,ok_manual_px
105,406975041a.png,24,20.0,0.83333,ok
106,406d70e411.png,273,500.0,1.8315,ok_manual_px
107,40afb05b44.png,134,500.0,3.73134,ok_manual_px
108,410284d28b.png,22,,,no_scale
109,41ac55ed12.png,90,100.0,1.11111,ok
110,41bb4d19a4.png,129,200.0,1.55039,ok
111,41c25dca24.png,144,1000.0,6.94444,ok
112,42750053e0.png,111,200.0,1.8018,ok
113,427ebc9e15.png,,,,no_scale
114,434e287439.png,142,200.0,1.40845,ok
115,43875c5b20.png,117,200.0,1.7094,ok_manual_px
116,43be4d0a2c.png,23,10.0,0.43478,ok
117,441414704c.png,115,50.0,0.43478,ok_manual_px
118,453123a947.png,191,50.0,0.26178,ok_manual_px
119,4545280c2b.png,,,,no_scale
120,4628753cd8.png,62,100.0,1.6129,ok_manual_px
121,47286679c2.png,29,100.0,3.44828,ok_manual_px
122,478a6c42ec.png,67,100.0,1.49254,ok_manual_px
123,482193653a.png,118,5000.0,42.37288,ok
124,4822787326.png,,,,no_scale
125,48f3a148f6.png,,,,no_scale
126,4b07dbd803.png,186,200.0,1.07527,ok_manual_px
127,4bafa92eec.png,107,100.0,0.93458,ok
128,4cd9e65aae.png,15,100.0,6.66667,ok_manual_px
129,4d951b622f.png,120,50.0,0.41667,ok
130,4e13b5c5f8.png,130,,,no_scale
131,4ec7671d11.png,150,1000.0,6.66667,ok_manual_px
132,50a4901372.png,244,2000.0,8.19672,ok_manual_px
133,513158cf83.png,310,50.0,0.16129,ok_manual_px
134,516b2f0aa8.png,55,200.0,3.63636,ok
135,51f82fcb93.png,70,100.0,1.42857,ok_manual_px
136,53025d5189.png,41,50.0,1.21951,ok
137,535134e785.png,83,20.0,0.24096,ok
138,544b32e4cd.png,58,,,no_scale
139,55511ff512.png,,,,no_scale
140,555eb05b4c.png,273,500.0,1.8315,ok_manual_px
141,5568be0f4c.png,60,60.0,1.0,ok_manual_px
142,5737e0c2c7.png,136,200.0,1.47059,ok_manual_px
143,5842aa1a32.png,,,,no_scale
144,586dc6cc59.png,47,20.0,0.42553,ok
145,5898a2ac02.png,56,50.0,0.89286,ok
146,58e8237dab.png,109,200.0,1.83486,ok
147,59424b060a.png,28,,,no_scale
148,5a25d179cc.png,93,1000.0,10.75269,ok_manual_px
149,5a65f9eba2.png,89,50.0,0.5618,ok
150,5a6c23682b.png,211,200.0,0.94787,ok_manual_px
151,5addfe7111.png,57,5.0,0.08772,ok
152,5c1cd79e2e.png,,,,no_scale
153,5c244a9ea8.png,253,5000.0,19.76285,ok_manual_px
154,5c418c2eb0.png,80,200.0,2.5,ok_manual_px
155,5d72761807.png,,,,no_scale
156,5e22377208.png,,,,no_scale
157,5eb66b74ea.png,124,100.0,0.80645,ok
158,5f42a8d4a9.png,114,50.0,0.4386,ok
159,5fc8c5b53c.png,15,,,no_scale
160,60c63e2383.png,165,500.0,3.0303,ok
161,60feb7de8f.png,143,1000.0,6.99301,ok_manual_px
162,611b9564a4.png,82,100.0,1.21951,ok
163,6169a602a0.png,,,,no_scale
164,62223ab32f.png,240,200.0,0.83333,ok
165,62594342ac.png,317,200.0,0.63091,ok_manual_px
166,627acee9c4.png,70,50.0,0.71429,ok_manual_px
167,62a54f335d.png,129,100.0,0.77519,ok
168,62e729e838.png,31,20.0,0.64516,ok_manual_px
169,6360a823da.png,150,50.0,0.33333,ok
170,636334b3f1.png,,,,no_scale
171,63df66fb4d.png,73,500.0,6.84932,ok
172,6643f01cf4.png,143,500.0,3.4965,ok
173,66a6ddb34e.png,,,,no_scale
174,671b7c8831.png,18,2000.0,111.11111,ok_manual_px
175,6752c27137.png,,,,no_scale
176,691f7638fd.png,122,1000.0,8.19672,ok
177,6a291d0bb4.png,115,50.0,0.43478,ok
178,6c52a10c75.png,103,100.0,0.97087,ok
179,6d0f510327.png,127,100.0,0.7874,ok
180,6d1574872b.png,73,100.0,1.36986,ok
181,6db657d4f7.png,66,1000.0,15.15152,ok
182,6de290c824.png,87,50.0,0.57471,ok
183,6e16b7dcb7.png,83,500.0,6.0241,ok_manual_px
184,6fe6ed78ab.png,,,,no_scale
185,70345dfad1.png,330,,,no_scale
186,707120d0f5.png,317,100.0,0.31546,ok_manual_px
187,70f9f13af4.png,138,20.0,0.14493,ok
188,724248a877.png,105,100.0,0.95238,ok_manual_px
189,72507b07bc.png,64,50.0,0.78125,ok
190,728f55aed4.png,118,100.0,0.84746,ok
191,736f1a3eb2.png,118,100.0,0.84746,ok_manual_px
192,738c326d73.png,86,20.0,0.23256,ok_manual_px
193,73e0a09cd2.png,74,200.0,2.7027,ok
194,74391d74bd.png,200,35.0,0.175,ok_manual_px
195,74ef917e76.png,244,2000.0,8.19672,ok_manual_px
196,75e968af41.png,52,10.0,0.19231,ok
197,763c317d5d.png,66,10.0,0.15152,ok
198,76dde347fc.png,86,50.0,0.5814,ok
199,7701ac03c1.png,271,,,no_scale
200,77f09d7ca4.png,15,,,no_scale
201,782d7f752d.png,18,10.0,0.55556,ok_manual_px
202,78834ed976.png,,,,no_scale
203,78847f96ee.png,154,1000.0,6.49351,ok
204,78b42bc5e8.png,72,1000.0,13.88889,ok
205,78bda6c73b.png,68,50.0,0.73529,ok
206,78c63579ba.png,85,2000.0,23.52941,ok_manual_px
207,7988097925.png,175,1000.0,5.71429,ok
208,7a48f5b4d5.png,167,500.0,2.99401,ok_manual_px
209,7ab1f4b7ba.png,,,,no_scale
210,7b76562318.png,171,500.0,2.92398,ok_manual_px
211,7c5501d292.png,,,,no_scale
212,7d54a1c5b3.png,,,,no_scale
213,7e0c56c44b.png,49,300.0,6.12245,ok
214,7e85b64066.png,91,2000.0,21.97802,ok_manual_px
215,7ea28e7e54.png,280,,,no_scale
216,7ecd3c2ab9.png,93,100.0,1.07527,ok_manual_px
217,7f1a5b0782.png,191,1000.0,5.2356,ok
218,7f50b86c4b.png,139,200.0,1.43885,ok
219,7f94f4bdab.png,87,50.0,0.57471,ok
220,7fabcfe23f.png,40,100.0,2.5,ok_manual_px
221,802e607c7c.png,91,50.0,0.54945,ok_manual_px
222,80719af02f.png,,,,no_scale
223,80d6a1f25a.png,73,500.0,6.84932,ok
224,8136144eaf.png,107,200.0,1.86916,ok_manual_px
225,82b9b9c2af.png,142,100.0,0.70423,ok
226,82c99bbb53.png,153,200.0,1.30719,ok
227,82e8007547.png,56,50.0,0.89286,ok
228,83afcabd95.png,93,200.0,2.15054,ok
229,83fd5c9288.png,115,200.0,1.73913,ok
230,848b740671.png,154,100.0,0.64935,ok
231,84a6330bdb.png,43,1000.0,23.25581,ok
232,854de5be19.png,144,2000.0,13.88889,ok_manual_px
233,85743c45d1.png,,,,no_scale
234,85a5d4d8b9.png,204,500.0,2.45098,ok
235,85dedcfd30.png,,,,no_scale
236,85f5efb77d.png,,,,no_scale
237,864a2a6ccf.png,101,100.0,0.9901,ok
238,87429394b0.png,60,200.0,3.33333,ok
239,88808139d3.png,107,1000.0,9.34579,ok_manual_px
240,891f96f60d.png,344,,,no_scale
241,893215335a.png,15,10.0,0.66667,ok_manual_px
242,89e4044418.png,123,100.0,0.81301,ok
243,8b40ed2a82.png,59,500.0,8.47458,ok_manual_px
244,8b7ce99d43.png,108,200.0,1.85185,ok_manual_px
245,8bf3782470.png,116,500.0,4.31034,ok
246,8c22d1acd5.png,187,2000.0,10.69519,ok_manual_px
247,8cee575b39.png,302,3000.0,9.93377,ok_manual_px
248,8d7fc4c578.png,172,1000.0,5.81395,ok_manual_px
249,8dffc01cc2.png,45,200000.0,4444.44444,ok_manual_px
250,8e1269eba3.png,174,50000.0,287.35632,ok_manual_px
251,8e50748a7b.png,,,,no_scale
252,8e68b05e0e.png,57,1000.0,17.54386,ok
253,8f9db31734.png,174,,,no_scale
254,8fde53b05f.png,,,,no_scale
255,90615b870a.png,158,100.0,0.63291,ok
256,913312cfdf.png,,,,no_scale
257,923cab32ee.png,,,,no_scale
258,9246d32fe0.png,122,100.0,0.81967,ok
259,9318f3ce70.png,17,,,no_scale
260,934d76aaf2.png,17,10.0,0.58824,ok_manual_px
261,93ed483d79.png,139,100.0,0.71942,ok
262,95e201a1fe.png,,,,no_scale
263,96c772f28b.png,158,100.0,0.63291,ok_manual_px
264,9797ed1000.png,119,200.0,1.68067,ok
265,97e645b56e.png,145,40.0,0.27586,ok
266,986f86c3b5.png,77,100.0,1.2987,ok_manual_px
267,98a18b7db9.png,146,,,no_scale
268,9928dad0ac.png,122,20.0,0.16393,ok
269,99eb4bad25.png,98,200.0,2.04082,ok_manual_px
270,9c29ca7edf.png,,,,no_scale
271,9c4905d020.png,110,1000.0,9.09091,ok
272,9c68e03e41.png,31,500.0,16.12903,ok
273,9c9d1af243.png,76,,,no_scale
274,9ca16b98df.png,148,,,no_scale
275,9d2e813224.png,122,500.0,4.09836,ok
276,9d358e8c8a.png,,,,no_scale
277,9dc60257e5.png,272,500.0,1.83824,ok_manual_px
278,9ef6e6b29d.png,,,,no_scale
279,9fa90de188.png,282,,,no_scale
280,9fac661e24.png,,,,no_scale
281,a027b64ae9.png,62,2000.0,32.25806,ok_manual_px
282,a1315df346.png,212,500.0,2.35849,ok_manual_px
283,a1dada3898.png,176,10000.0,56.81818,ok_manual_px
284,a1e18db01a.png,256,5000.0,19.53125,ok_manual_px
285,a2883fc6eb.png,76,50.0,0.65789,ok_manual_px
286,a3eb38c236.png,15,500.0,33.33333,ok_manual_px
287,a4027c076c.png,62,1000.0,16.12903,ok_manual_px
288,a45586af89.png,124,200.0,1.6129,ok_manual_px
289,a492171fa8.png,138,200.0,1.44928,ok_manual_px
290,a4b639ab1a.png,87,200.0,2.29885,ok
291,a562af31ea.png,129,200000.0,1550.3876,ok
292,a59bcf3f13.png,,,,no_scale
293,a630b192d4.png,,,,no_scale
294,a66c75354a.png,,,,no_scale
295,a68915823c.png,300,1000.0,3.33333,ok_manual_px
296,a880175367.png,118,50.0,0.42373,ok
297,a8851978de.png,40,500.0,12.5,ok
298,a8e3f32537.png,42,100.0,2.38095,ok
299,a9a628444d.png,46,200.0,4.34783,ok
300,aa309f6cec.png,31,20.0,0.64516,ok_manual_px
301,aa968ec1b2.png,172,1000.0,5.81395,ok
302,ab82fe7827.png,135,100.0,0.74074,ok
303,ac49e14130.png,73,500.0,6.84932,ok
304,ae001af29f.png,263,10000.0,38.02281,ok_manual_px
305,ae690251d5.png,,,,no_scale
306,ae843e9fc0.png,39,,,no_scale
307,af124a45d9.png,242,200.0,0.82645,ok_manual_px
308,af2a275342.png,68,1000.0,14.70588,ok
309,af674cfe7e.png,,,,no_scale
310,b0e3041a0d.png,86,2000.0,23.25581,ok_manual_px
311,b16f4f83a4.png,59,200.0,3.38983,ok
312,b19f6f3309.png,101,20.0,0.19802,ok
313,b1fc590830.png,121,3000.0,24.79339,ok_manual_px
314,b23c478d84.png,99,2000.0,20.20202,ok_manual_px
315,b2a7683174.png,,,,no_scale
316,b2f6f1bbf9.png,93,40.0,0.43011,ok
317,b392e4784f.png,55,500.0,9.09091,ok
318,b3e7900e39.png,95,100.0,1.05263,ok_manual_px
319,b452204939.png,191,1000000.0,5235.60209,ok_manual_px
320,b4ab2ea927.png,125,200.0,1.6,ok
321,b5ba9813a4.png,140,20.0,0.14286,ok
322,b616ffa779.png,138,100.0,0.72464,ok
323,b657336f23.png,117,200.0,1.7094,ok
324,b78bdee5d3.png,125,50000.0,400.0,ok
325,b78f5fdc22.png,,,,no_scale
326,b85f5e414c.png,120,1000.0,8.33333,ok
327,b8e9061c90.png,136,100.0,0.73529,ok
328,b95828224e.png,,,,no_scale
329,b996f341bd.png,176,500.0,2.84091,ok
330,b9deddff33.png,105,50.0,0.47619,ok
331,bb3d8c922b.png,,,,no_scale
332,bbb27830b9.png,,,,no_scale
333,bc1fe886af.png,176,200.0,1.13636,ok
334,bc5529f7ca.png,36,100000.0,2777.77778,ok_manual_px
335,bcab6454cf.png,66,,,no_scale
336,be5df16bd4.png,,,,no_scale
337,bf57480a38.png,,,,no_scale
338,bf6f1a320a.png,81,50.0,0.61728,ok
339,bf901d32a3.png,29,1000.0,34.48276,ok
340,bfb2a25730.png,215,100.0,0.46512,ok_manual_px
341,c0ba8a65a5.png,174,200.0,1.14943,ok
342,c0fcfec15c.png,140,200.0,1.42857,ok
343,c1bfc4308b.png,101,1000.0,9.90099,ok
344,c1cccb3332.png,92,200.0,2.17391,ok
345,c1d32ab54d.png,,,,no_scale
346,c294fece54.png,257,,,no_scale
347,c355821ea6.png,,,,no_scale
348,c363833ad2.png,84,20.0,0.2381,ok_manual_px
349,c36b04376a.png,146,5000.0,34.24658,ok_manual_px
350,c3d3764a5a.png,,,,no_scale
351,c5c0825297.png,175,1000.0,5.71429,ok
352,c61a50a061.png,203,1000.0,4.92611,ok
353,c6ea896731.png,186,500.0,2.68817,ok
354,c7e9ec8d48.png,147,50.0,0.34014,ok
355,c812c93fbd.png,280,4000.0,14.28571,ok_manual_px
356,c83a6e91b0.png,408,100000.0,245.09804,ok_manual_px
357,c88cae3e95.png,106,1000.0,9.43396,ok
358,c984680063.png,191,500000.0,2617.80105,ok_manual_px
359,ca780314cd.png,145,500.0,3.44828,ok
360,cb13cb5f85.png,156,20.0,0.12821,ok_manual_px
361,cc87926397.png,181,,,no_scale
362,cc9540d282.png,121,500.0,4.13223,ok
363,cd22803960.png,,,,no_scale
364,cd48200d46.png,126,20.0,0.15873,ok
365,ce2f96aae1.png,275,,,no_scale
366,ce39bb3c03.png,,,,no_scale
367,ce41e4e56d.png,175,1000.0,5.71429,ok
368,ce46819633.png,,,,no_scale
369,ce6d981687.png,155,500.0,3.22581,ok
370,cecb19b837.png,130,100.0,0.76923,ok_manual_px
371,cef2196885.png,,,,no_scale
372,cf6823322f.png,84,20.0,0.2381,ok
373,cf703078f2.png,254,100.0,0.3937,ok
374,d04d7ced9f.png,238,2000.0,8.40336,ok_manual_px
375,d28fb3e471.png,21,1000.0,47.61905,ok_manual_px
376,d29d644539.png,152,20000.0,131.57895,ok_manual_px
377,d3971746e0.png,84,,,no_scale
378,d3ed612a2d.png,137,1000.0,7.29927,ok
379,d4b73860c3.png,163,,,no_scale
380,d54e727066.png,,,,no_scale
381,d5e8abb61d.png,174,200.0,1.14943,ok
382,d6613c4ec5.png,94,30.0,0.31915,ok_manual_px
383,d722a3a383.png,58,,,no_scale
384,d7da1a24ad.png,229,200.0,0.87336,ok_manual_px
385,d822219f76.png,74,100.0,1.35135,ok
386,d83980d44e.png,27,40.0,1.48148,ok
387,d8eff0e0bd.png,93,100.0,1.07527,ok
388,d90c9c5b72.png,109,200.0,1.83486,ok
389,d933f429cc.png,223,5000.0,22.42152,ok
390,dbbbce5020.png,249,500.0,2.00803,ok
391,dc20484021.png,153,500.0,3.26797,ok
392,dc25ff5266.png,22,200.0,9.09091,ok_manual_px
393,dcfbfa74e4.png,55,300.0,5.45455,ok
394,ddffc403e3.png,29,2000.0,68.96552,ok_manual_px
395,de1d3f1409.png,195,50.0,0.25641,ok
396,dedf11eb6c.png,138,500.0,3.62319,ok
397,dfeaa0d54b.png,209,500.0,2.39234,ok_manual_px
398,e071eefebb.png,64,200.0,3.125,ok
399,e111fb569d.png,51,200.0,3.92157,ok
400,e1adc2ba25.png,126,200.0,1.5873,ok
401,e211d9d7ac.png,,,,no_scale
402,e2d9d3d783.png,187,,,no_scale
403,e3a800b533.png,60,50.0,0.83333,ok
404,e4065c11e4.png,291,,,no_scale
405,e4268d7502.png,100,200.0,2.0,ok_manual_px
406,e493a405ad.png,23,,,no_scale
407,e49e69fd61.png,90,50.0,0.55556,ok_manual_px
408,e49ed62b0b.png,,,,no_scale
409,e59a1a493e.png,73,5000.0,68.49315,ok_manual_px
410,e6822fbe96.png,16,,,no_scale
411,e6bfc43298.png,147,200.0,1.36054,ok
412,e7187b91bf.png,56,200.0,3.57143,ok_manual_px
413,e73bcbd77d.png,60,100.0,1.66667,ok_manual_px
414,e83de4878a.png,174,1000.0,5.74713,ok
415,e853d120fa.png,115,100.0,0.86957,ok_manual_px
416,e8e39c913a.png,48,200.0,4.16667,ok
417,ea71fe4650.png,249,200000.0,803.21285,ok_manual_px
418,eb67400438.png,155,100.0,0.64516,ok
419,ec2cc16d2a.png,181,100.0,0.55249,ok
420,ec62d76c0a.png,194,200.0,1.03093,ok
421,ed120ef412.png,59,500.0,8.47458,ok
422,ed3547f3da.png,32,5.0,0.15625,ok
423,ed3a3cb76b.png,,,,no_scale
424,ee161d333c.png,44,200.0,4.54545,ok
425,ee8a331d06.png,57,50.0,0.87719,ok
426,eed04b7d68.png,265,50000.0,188.67925,ok_manual_px
427,ef6bbe7612.png,176,5000.0,28.40909,ok_manual_px
428,f0522acde8.png,131,,,no_scale
429,f068954421.png,38,,,no_scale
430,f24b8804c9.png,111,,,no_scale
431,f28b702df5.png,96,20.0,0.20833,ok_manual_px
432,f29baed81b.png,59,1000.0,16.94915,ok_manual_px
433,f32c7bd62b.png,15,,,no_scale
434,f3b36fb2ab.png,,,,no_scale
435,f447a36b0b.png,76,100.0,1.31579,ok
436,f485e2051b.png,75,200.0,2.66667,ok_manual_px
437,f5235de51f.png,206,500.0,2.42718,ok
438,f58490bdaf.png,,,,no_scale
439,f659af19da.png,279,,,no_scale
440,f664201c62.png,124,100.0,0.80645,ok_manual_px
441,f6c0d8967e.png,,,,no_scale
442,f6e0ae6378.png,175,1000.0,5.71429,ok
443,f6f3758bf4.png,263,1000.0,3.80228,ok
444,f73d0ac26a.png,78,50.0,0.64103,ok
445,f77a745ba2.png,272,500.0,1.83824,ok_manual_px
446,f78844f8ce.png,44,20.0,0.45455,ok
447,f7f7093f0f.png,92,20000.0,217.3913,ok
448,f7f9125fb0.png,116,50.0,0.43103,ok
449,f7fa7d1729.png,43,100.0,2.32558,ok
450,f84ce9e349.png,79,50.0,0.63291,ok
451,f8a1b2bf39.png,262,100000.0,381.67939,ok_manual_px
452,f98c5fb82a.png,90,20.0,0.22222,ok_manual_px
453,f9d59dcb02.png,,,,no_scale
454,fab3633337.png,120,200.0,1.66667,ok
455,fb1eb65fe5.png,73,50.0,0.68493,ok_manual_px
456,fc2851e6d3.png,114,50.0,0.4386,ok
457,fc9e19325c.png,48,20.0,0.41667,ok
458,fcc97c015c.png,160,,,no_scale
459,fcebbb1fd9.png,230,,,no_scale
460,fd1f58d925.png,196,,,no_scale
461,fe76e94abf.png,75,100.0,1.33333,ok
462,fe83ead30b.png,138,1000.0,7.24638,ok
463,fe9791f122.png,57,500.0,8.77193,ok
464,ffae2f363e.png,97,200.0,2.06186,ok
465,fff35f80e1.png,90,200.0,2.22222,ok_manual_px
